Reviewer,Citation abbrv,Scientific Name,Common Name,Method Binary,Method,Country,Site,Latitude,Longitude,Pp. - details,Type 0 (pp),Type 0 (tp),Type I,Type II,Type III,Type IV,Cause 1,Cause 2,Cause 3,Cause 4
WX,Spinage 1992,Alcelaphus buselaphus,hartebeest,Yes,Observation/Survey,Botswana,Bangwaketse District,-24.75271917,25.0546875,numeric,TRUE,FALSE,FALSE,FALSE,FALSE,FALSE,Hab fragmentation,Climate/Weather: extreme whether event,Hab Loss: Ag expansion,
CA,Spinage 1992,Connechaetes taurinus,blue wildebeest,No,Opinion/Anecdotal,Botswana,Kalahari Game Reserve,-22,24,numeric,TRUE,FALSE,TRUE,FALSE,FALSE,FALSE,human Predator: fatal,Hab fragmentation,,
CA,Williamson et al. 1988,Connochaetus taurinus,blue wildebeest,Yes,Observation (Survey),Botswana,Kalahari Game Reserve,-22,24,res-mig ratio,TRUE,TRUE,FALSE,TRUE,FALSE,FALSE,Hab fragmentation,Climate/Weather: Interannual env variations,,
JAS,Williamson et al. 1988,Connochaetes taurinus,blue wildebeest,Yes,Observation (Survey),Botswana,Kalahari Game Reserve,-22,24,numeric,TRUE,FALSE,TRUE,FALSE,FALSE,FALSE,human Predator: fatal,Hab fragmentation,,
WX,Williamson and Mbano 1988,Connochaetes taurinus,blue wildebeest,Yes,Observation (Survey),Botswana,Kalahari Game Reserve,-22,24,numeric,TRUE,FALSE,FALSE,FALSE,TRUE,FALSE,Hab fragmentation,Climate/Weather: extreme whether event,human Predator: non-fatal,
WX,Spinage 1992,Connochaetes taurinus,blue wildebeest,Yes,Observation/Survey,Botswana,Kalahari Game Reserve,-22,24,numeric,TRUE,FALSE,TRUE,FALSE,FALSE,FALSE,Hab fragmentation,Climate/Weather: extreme whether event,Hab Loss: Ag expansion,
AS,White and Garrott 2005 (b),Syncerus caffer,Cape buffalo,Yes,Observation (Collar),Botswana,Okavango Delta and Makgadikgadi grasslands,-20.000091,24.834961,res-mig ratio,TRUE,FALSE,TRUE,FALSE,FALSE,FALSE,Hab fragmentation,,,
AS,Bartlam-Brooks et al. 2011,Equus burchelli,Plains zebra,Yes,Observation (Collar),Botswana,Okavango Delta and Makgadikgadi grasslands,-20.000091,24.834961,res-mig ratio,TRUE,TRUE,TRUE,TRUE,FALSE,FALSE,Hab fragmentation,,,
ORB,"Bartlam-Brooks et al., 2013",Equus burchelli,Plains zebra,Yes,Empirical (including modelling w/ data),Botswana,Okavango Delta to Makgadikgadi grasslands,-20.000091,24.834961,NA,FALSE,FALSE,TRUE,FALSE,FALSE,FALSE,Hab fragmentation,,,
WX,Bartlam‐Brooks et al 2013,Equus burchelli,Plains zebra,Yes,Empirical (including modelling w/ data),Botswana,Okavango Delta to Makgadikgadi grasslands,-20.000091,24.834961,NA,FALSE,TRUE,TRUE,FALSE,FALSE,FALSE,Climate/Weather: Interannual env variations,Climate/Weather: extreme whether event,,
KB,Fryxell et al. 2008,Cervus elaphus,elk,Yes,Empirical (including modelling w/ data),Canada,"Bancroft, Ontario",45.063462,-77.821781,NA,FALSE,FALSE,FALSE,FALSE,FALSE,TRUE,Mngt: translocation,,,
AVS,Sabine et al 2002,Odocoileus virginianus,white-tailed deer,Yes,Observation (Collar),Canada,New Brunswick,46.23748,-65.499536,NA,FALSE,TRUE,FALSE,FALSE,FALSE,FALSE,Climate/Weather: Interannual env variations,,,
ORB,Sabine et al. 2002,Odocoileus virginianus,white-tailed deer,Yes,Observation (Collar),Canada,New Brunswick,46.755081,-65.922416,res-mig ratio,TRUE,FALSE,FALSE,FALSE,FALSE,FALSE,Climate/Weather: Interannual env variations,,,
SM,Paton et al 2017,Cervus elaphus,elk,Yes,Empirical (including modelling w/ data),Canada,"Crowsnest Pass, Alberta",49.607007,-114.515673,NA,FALSE,TRUE,FALSE,FALSE,FALSE,FALSE,human Predator: non-fatal,human Predator: fatal,,
CA,Cumming and Beange 1987,Rangifer tarandus,caribou,Yes,Observation (Collar),Canada,"Lake Nipigon, Ontario",50.404438,-88.806377,NA,FALSE,FALSE,FALSE,FALSE,TRUE,FALSE,Hab Loss: Development,,,
WX,Gates et al. 2012,Antilocapra americana,pronghorn,No,Review,Canada,Alberta,51.0534,-114.063,numeric,TRUE,TRUE,TRUE,TRUE,TRUE,FALSE,Hab fragmentation,Hab Loss: Development,,
WX,Hebblewhite et al 2006,Cervus canadensis,elk,Yes,Empirical (including modelling w/ data),Canada,"Banff National Park, Alberta",51.183149,-115.53516,res-mig ratio,TRUE,TRUE,TRUE,FALSE,FALSE,FALSE,Mngt: supplementary feeding,Mngt: landscape management,,
LT,Hebblewhite and Merrill 2011,Cervus elaphus,elk,Yes,Observation (Collar),Canada,"Banff National Park, Alberta",51.183149,-115.53516,res-mig ratio,TRUE,FALSE,FALSE,FALSE,FALSE,FALSE,non-human predator,human Predator: fatal,,
ORB,"Eggeman et al., 2016",Cervus elaphus,elk,Yes,Empirical (including modelling w/ data),Canada,"Banff National Park, Alberta",51.183149,-115.53516,res-mig ratio,TRUE,FALSE,FALSE,FALSE,FALSE,FALSE,Climate/Weather: Interannual env variations,Pop: population density,non-human predator,
KB,Mahoney and Schaefer 2002,Rangifer tarandus,caribou,Yes,Empirical (including modelling w/ data),Canada,Newfoundland,53.681478,-61.226441,numeric,TRUE,TRUE,FALSE,FALSE,FALSE,FALSE,Pop: population density,,,
LT,Schaefer and Mahoney 2013,Rangifer tarandus,caribou,Yes,Observation (Collar),Canada,Newfoundland,53.681478,-61.226441,numeric,TRUE,TRUE,FALSE,FALSE,TRUE,FALSE,Pop: population density,,,
CA,Edmonds 1988,Rangifer tarandus,caribou,Yes,Observation (Collar),Canada,"Willmore Wilderness Park, Alberta",53.717769,-119.401148,numeric,TRUE,FALSE,FALSE,FALSE,FALSE,FALSE,non-human predator,human Predator: fatal,,
CA,Newton et al. 2015,Rangifer tarandus,caribou,Yes,Empirical (including modelling w/ data),Canada,"Pen Islands, Southern Hudson Bay",56.740176,-88.696613,NA,FALSE,FALSE,TRUE,FALSE,FALSE,FALSE,human Predator: non-fatal,,,
AVS,Schemelzer and Otto 2003,Rangifer tarandus,caribou,Yes,Empirical (including modelling w/ data),Canada,Québec–Labrador peninsula,58.658505,-69.076883,NA,FALSE,FALSE,TRUE,FALSE,TRUE,FALSE,Pop: population density,,,
AVS,Taillon et al 2012,Rangifer tarandus,caribou,Yes,Observation (Collar),Canada,Québec–Labrador peninsula,58.658505,-69.076883,demographic,TRUE,FALSE,TRUE,FALSE,TRUE,FALSE,Pop: population density,,,
CA,Le Corre et al. 2017,Rangifer tarandus,caribou,Yes,Empirical (including modelling w/ data),Canada,Québec–Labrador peninsula,58.658505,-69.076883,NA,FALSE,TRUE,FALSE,FALSE,FALSE,FALSE,Climate/Weather: Interannual env variations,Climate/Weather: Climate change,,
JAS,Sharma et al. 2009,Rangifer tarandus,caribou,Yes,Empirical (including modelling w/ data),Canada,Québec–Labrador peninsula,58.658505,-69.076883,NA,FALSE,FALSE,FALSE,FALSE,FALSE,TRUE,Climate/Weather: Climate change,,,
ORB,Leblond et al 2016,Rangifer tarandus,caribou,Yes,Empirical (including modelling w/ data),Canada,Northern Québec,61.919293,-73.986338,NA,FALSE,FALSE,TRUE,FALSE,FALSE,FALSE,Climate/Weather: Climate change,,,
CA,Ferguson and Messier 2000,Rangifer tarandus,caribou,Yes,Observation (Collar),Canada,Southern Baffin Island,62.705433,-69.506205,NA,FALSE,FALSE,FALSE,FALSE,TRUE,FALSE,Pop: population density,,,
AS,Frame et al. 2008,Rangifer tarandus,caribou,No,Opinion/Anecdotal,Canada,"Lac de Gras, Northwest Territories",64.557159,-110.674794,NA,FALSE,TRUE,FALSE,TRUE,FALSE,FALSE,Hab Loss: Development,,,
ORB,"Dumond et al., 2013",Rangifer tarandus,caribou,Yes,Observation (Survey),Canada,"Cambridge Bay, Victoria Island",69.128295,-105.171549,numeric,TRUE,TRUE,FALSE,FALSE,FALSE,FALSE,Hab fragmentation,Climate/Weather: Climate change,,
AVS,Poole et al 2010,Rangifer tarandus,caribou,Yes,Observation (Survey),Canada,"Cambridge Bay, Victoria Island",69.128295,-105.171549,NA,FALSE,TRUE,FALSE,TRUE,FALSE,FALSE,Climate/Weather: Climate change,,,
AVS,Poole et al 2015,Rangifer tarandus,caribou,Yes,Observation (Survey),Canada,Bathurst Island,75.746172,-99.184233,NA,FALSE,FALSE,FALSE,FALSE,TRUE,FALSE,Pop: population density,,,
AVS,Poole et al 2015,Rangifer tarandus,caribou,Yes,Observation (Survey),Canada,Bathurst Island,75.784887,-99.264607,NA,FALSE,FALSE,TRUE,FALSE,TRUE,FALSE,Climate/Weather: extreme whether event,,,
LT,Moraga et al. 2015,Lama guanicoe,guanaco,Yes,Empirical (including modelling w/ data),Chile,southern Tierra del Fuego Island,-54.8829,-68.626107,res-mig ratio,TRUE,FALSE,FALSE,FALSE,TRUE,FALSE,Hab Loss: livestock,Pop: population density,,
JAS,Flueck and Smith-Flueck 2011,Hippocamelus bisulcus,huemul,No,Review,"Chile, Argentina",Patagonia,-41.943968,-72.10829,numeric,TRUE,FALSE,TRUE,FALSE,FALSE,FALSE,human Predator: fatal,Hab Loss: Ag expansion,,
WX,Xu et al 2019,Pantholops hodgsonii,Tibetan antelope,Yes,Empirical (including modelling w/ data),China,Qinghai,37.564937,94.597424,NA,FALSE,FALSE,FALSE,TRUE,FALSE,FALSE,Hab fragmentation,,,
WX,Cui et al 2017,Saiga tatarica,Saiga antelope,No,Review,China,Jeminay,47.5002,85.6205,numeric,TRUE,FALSE,FALSE,FALSE,FALSE,FALSE,human Predator: fatal,,,
AVS,Grubešić and Ugarković 2015,Cervus elaphus,red deer,Yes,Empirical (including modelling w/ data),Croatia,northwest Dinarid mountains,45.45572314,14.67327881,NA,FALSE,FALSE,TRUE,FALSE,FALSE,FALSE,Climate/Weather: Climate change,,,
KB,Cagnacci et al. 2011,Capreolus capreolus,roe deer,Yes,Empirical (including modelling w/ data),"Germany, France, Italy, Norway, Sweden",,51.0834196,10.4234469,res-mig ratio,TRUE,TRUE,FALSE,FALSE,FALSE,FALSE,Climate/Weather: Interannual env variations,,,
AS,Gurarie et al. 2017,Capreolus capreolus,roe deer,Yes,Observation (Collar),Italy,Italian Alps,46.092798,10.086239,res-mig ratio,TRUE,FALSE,TRUE,FALSE,FALSE,FALSE,Climate/Weather: Interannual env variations,,,
AVS,Luccarini et al. 2006,Cervus elaphus,red deer,Yes,Empirical (including modelling w/ data),Italy,Italian Alps,46.092798,10.086239,NA,FALSE,TRUE,TRUE,FALSE,FALSE,FALSE,Climate/Weather: Interannual env variations,,,
AS,Igota et al. 2004,Cervus nippon yesoensis,sika deer,Yes,Observation (Collar),Japan,eastern Hokkaido,43.115747,143.958384,res-mig ratio,TRUE,FALSE,FALSE,FALSE,FALSE,FALSE,Climate/Weather: Interannual env variations,,,
KB,Bekenov et al. 1998,Saiga tatarica,Saiga antelope,No,Review,Kazakhstan,Ustiurt,44,55.9,demographic,TRUE,FALSE,FALSE,FALSE,FALSE,FALSE,human Predator: fatal,,,
HK,Baskin et al. 2003,Gazella subgutturosa,goittred gazelle,No,Review,Kazakhstan,Kyzylkum Desert,44.538702,61.40792,numeric,TRUE,FALSE,FALSE,FALSE,TRUE,FALSE,human Predator: fatal,,,
WX,Singh et al. 2011,Saiga tatarica,Saiga antelope,Yes,Empirical (including empirical modelling),Kazakhstan,Betpak-dala,46.03333,70.2,NA,FALSE,FALSE,FALSE,FALSE,FALSE,TRUE,Hab Loss: Development,,,
KB,Bekenov et al. 1998,Saiga tatarica,Saiga antelope,No,Review,Kazakhstan,Betpak-dala,46.03333,70.2,NA,FALSE,TRUE,TRUE,TRUE,TRUE,FALSE,Climate/Weather: Interannual env variations,,,
KB,Bekenov et al. 1998,Saiga tatarica,Saiga antelope,No,Review,Kazakhstan,Ural,51.2224,51.3734,res-mig ratio,TRUE,FALSE,TRUE,FALSE,FALSE,FALSE,Hab Loss: Ag expansion,Hab fragmentation,,
HK,Baskin et al. 2003,Saiga tatarica,Saiga antelope,No,Opinion/Anecdotal,Kazakhstan,"Ural, Ustiurt, Tural, Kalmykia",51.2224,51.3734,numeric,TRUE,FALSE,FALSE,FALSE,FALSE,TRUE,Hab fragmentation,,,
HK,Said et al 2016,Aepyceros melampus,impala,Yes,Observation (Survey),Kenya,Kajiado County,-2.208119,36.893331,numeric,TRUE,FALSE,FALSE,FALSE,FALSE,FALSE,Hab Loss: Development,Hab fragmentation,,
HK,Said et al 2016,Connochaetes taurinus,blue wildebeest,Yes,Observation (Survey),Kenya,Kajiado County,-2.208119,36.893331,numeric,TRUE,FALSE,FALSE,FALSE,FALSE,FALSE,Hab Loss: Development,Hab fragmentation,,
HK,Said et al 2016,Equus burchelli,Plains zebra,Yes,Observation (Survey),Kenya,Kajiado County,-2.208119,36.893331,numeric,TRUE,FALSE,FALSE,FALSE,FALSE,FALSE,Hab Loss: Development,Hab fragmentation,,
HK,Said et al 2016,Eudorcas thomsonii,Thomson's gazelle,Yes,Observation (Survey),Kenya,Kajiado County,-2.208119,36.893331,numeric,TRUE,FALSE,FALSE,FALSE,FALSE,FALSE,Hab Loss: Development,Hab fragmentation,,
JAS,Imbahale et al 2008,Connechaetes taurinus,blue wildebeest,Yes,Observation (Survey),Kenya,Kajiado County,-2.208119,36.893331,NA,FALSE,FALSE,TRUE,FALSE,FALSE,FALSE,Hab Loss: livestock,Hab fragmentation,,
AS,Ogutu et al. 2013,Connochaetes taurinus,blue wildebeest,Yes,Observation (Survey),Kenya,Kajiado County,-2.208119,36.893331,numeric,TRUE,FALSE,TRUE,FALSE,FALSE,FALSE,Hab Loss: Development,human Predator: fatal,Climate/Weather: Climate change,
JAS,Serneels and Lambin 2001,Connochaetes taurinus,blue wildebeest,Yes,Observation (Survey),Kenya,Narok County,-1.314603,35.483639,numeric,TRUE,FALSE,FALSE,FALSE,FALSE,FALSE,Hab Loss: Ag expansion,Climate/Weather: Climate change,,
WX,Mwangi 1998,Alcelaphus buselaphus,hartebeest,Yes,Observation/Survey,Kenya,Lake Nakuru National Park,-0.389273,36.043149,numeric,TRUE,FALSE,FALSE,FALSE,FALSE,FALSE,Hab Loss: Ag expansion,Hab fragmentation,,
WX,Mwangi 1998,Giraffa camelopardalis,giraffe,Yes,Observation/Survey,Kenya,Lake Nakuru National Park,-0.389273,36.043149,numeric,TRUE,FALSE,FALSE,FALSE,FALSE,FALSE,Hab Loss: Ag expansion,Hab fragmentation,,
AVS,Wang et al 1997,Procapra gutturosa,Mongolian Gazelle,Yes,Observation (Survey),Mongolia,inner Mongolia,43.02862412,109.0350395,numeric,TRUE,FALSE,TRUE,TRUE,FALSE,FALSE,human Predator: fatal,,,
KB,Jiang et al. 1998,Procapra gutturosa,Mongolian Gazelle,No,Review,Mongolia,inner Mongolia,43.02862412,109.0350395,numeric,TRUE,TRUE,TRUE,FALSE,FALSE,FALSE,Hab fragmentation,Climate/Weather: Interannual env variations,,
WX,Ito et al. 2013 (b),Equus hemionus,Asiatic wild ass,Yes,Empirical (including empirical modelling),Mongolia,near the Ulaanbaatar–Beijing Railroad and the fenced international border between Mongolia and China,43.65113,111.9704215,NA,FALSE,FALSE,TRUE,FALSE,FALSE,FALSE,Hab fragmentation,,,
WX,Ito et al. 2013 (b),Procapra gutturosa,Mongolian Gazelle,Yes,Empirical (including empirical modelling),Mongolia,near the Ulaanbaatar–Beijing Railroad and the fenced international border between Mongolia and China,43.65113,111.9704215,NA,FALSE,FALSE,TRUE,FALSE,FALSE,FALSE,Hab fragmentation,,,
AVS,Lhagvasuren and Milner-Gulland 1997,Procapra gutturosa,Mongolian Gazelle,No,Review,Mongolia,eastern Mongolia,46.58140458,111.6717583,numeric,TRUE,FALSE,TRUE,FALSE,FALSE,FALSE,human Predator: fatal,Hab Loss: Development,,
CA,Ito et al. 2005,Procapra guttorosa,Mongolian Gazelle,No,Opinion/Anecdotal,Mongolia,eastern Mongolia,46.58140458,111.6717583,NA,FALSE,FALSE,TRUE,FALSE,FALSE,FALSE,Hab fragmentation,,,
WX,Olson et al 2009,Procapra gutturosa,Mongolian Gazelle,Yes,Observation/Survey,Mongolia,eastern Mongolia,46.58140458,111.6717583,NA,FALSE,FALSE,FALSE,FALSE,FALSE,TRUE,Climate/Weather: extreme whether event,,,
HK,Baskin et al. 2003,Rangifer tarandus,caribou,No,Opinion/Anecdotal,multiple countries are referenced,multiple migration paths are referenced,,,numeric,TRUE,FALSE,FALSE,FALSE,TRUE,FALSE,human Predator: non-fatal,,,
WX,Berry 1997,Connochaetes taurinus,blue wildebeest,Yes,Observation/Survey,Namibia,Etosha National Park,-19.036891,16.364378,numeric,TRUE,FALSE,TRUE,FALSE,FALSE,FALSE,Hab fragmentation,Mngt: landscape management,,
ORB,Joubert 1972,Equus zebra,mountain zebra,Yes,Observation (Survey),Namibia,Etosha National Park,-19.036891,16.364378,NA,FALSE,FALSE,TRUE,FALSE,FALSE,FALSE,Hab fragmentation,,,
ORB,Joubert 1972,Equus zebra,mountain zebra,Yes,Observation (Survey),Namibia,Daan Viljoen Game Reserve,-22.532595,16.969924,NA,FALSE,FALSE,TRUE,FALSE,FALSE,FALSE,Hab fragmentation,,,
ORB,Joubert 1972,Equus zebra,mountain zebra,Yes,Observation (Survey),Namibia,Namib Desert Park,-24.152501,15.179988,NA,FALSE,FALSE,TRUE,FALSE,FALSE,FALSE,Hab fragmentation,,,
ORB,Joubert 1972,Equus zebra,mountain zebra,Yes,Observation (Survey),Namibia,Naukluft Mountain Zebra Park,-24.21494,16.23817,NA,FALSE,FALSE,TRUE,FALSE,FALSE,FALSE,Hab fragmentation,,,
LT,Panzacchi et al 2013 (b),Rangifer tarandus,caribou,Yes,Empirical (including modelling w/ data),Norway,Dovre mountain range,62.310335,9.640924,NA,FALSE,FALSE,FALSE,TRUE,FALSE,FALSE,Hab Loss: Development,human Predator: non-fatal,,
SM,Rivrud et al. 2016,Cervus elaphus,red deer,Yes,Empirical (including modelling w/ data),Norway,Sør-Trøndelag county,63.129613,10.415473,NA,FALSE,TRUE,FALSE,FALSE,FALSE,FALSE,human Predator: fatal,,,
SM,Rivrud et al. 2016,Cervus elaphus,red deer,Yes,Empirical (including modelling w/ data),Norway,Buskerud county,60.340913,9.201373,NA,FALSE,TRUE,FALSE,FALSE,FALSE,FALSE,human Predator: fatal,,,
SM,Rivrud et al. 2016,Cervus elaphus,red deer,Yes,Empirical (including modelling w/ data),Norway,Hedmark county,61.491613,11.500933,NA,FALSE,TRUE,FALSE,FALSE,FALSE,FALSE,human Predator: fatal,,,
SM,Rivrud et al. 2016,Cervus elaphus,red deer,Yes,Empirical (including modelling w/ data),Norway,Rogaland county,58.969906,6.298357,NA,FALSE,TRUE,FALSE,FALSE,FALSE,FALSE,human Predator: fatal,,,
SM,Rivrud et al. 2016,Cervus elaphus,red deer,Yes,Empirical (including modelling w/ data),Norway,Hordaland county,60.307991,6.533599,NA,FALSE,TRUE,FALSE,FALSE,FALSE,FALSE,human Predator: fatal,,,
SM,Rivrud et al. 2016,Cervus elaphus,red deer,Yes,Empirical (including modelling w/ data),Norway,Sogn & Fjordane county,61.583856,6.047276,NA,FALSE,TRUE,FALSE,FALSE,FALSE,FALSE,human Predator: fatal,,,
SM,Rivrud et al. 2016,Cervus elaphus,red deer,Yes,Empirical (including modelling w/ data),Norway,Møre & Romsdal county,62.544796,8.353395,NA,FALSE,TRUE,FALSE,FALSE,FALSE,FALSE,human Predator: fatal,,,
ORB,"Panzacchi et al., 2013",Rangifer tarandus,caribou,Yes,Observation (Collar),Norway,Snøhetta,62.544796,8.353395,NA,FALSE,TRUE,FALSE,FALSE,FALSE,FALSE,Hab fragmentation,Hab Loss: urbanization,,
ORB,"Panzacchi et al., 2013",Rangifer tarandus,caribou,Yes,Observation (Collar),Norway,Rondane North,61.970572,9.782576,NA,FALSE,TRUE,FALSE,FALSE,FALSE,FALSE,Hab fragmentation,Hab Loss: urbanization,,
ORB,"Panzacchi et al., 2013",Rangifer tarandus,caribou,Yes,Observation (Collar),Norway,Nordfjella,68.475384,15.855306,NA,FALSE,TRUE,FALSE,FALSE,FALSE,FALSE,Hab fragmentation,Hab Loss: urbanization,,
ORB,"Panzacchi et al., 2013",Rangifer tarandus,caribou,Yes,Observation (Collar),Norway,Hard-angervidda,60.086455,7.377594,NA,FALSE,TRUE,FALSE,FALSE,FALSE,FALSE,Hab fragmentation,Hab Loss: urbanization,,
ORB,"Panzacchi et al., 2013",Rangifer tarandus,caribou,Yes,Observation (Collar),Norway,Setesdal Austhei,58.948825,7.575915,NA,FALSE,TRUE,FALSE,FALSE,FALSE,FALSE,Hab fragmentation,Hab Loss: urbanization,,
ORB,"Panzacchi et al., 2013",Rangifer tarandus,caribou,Yes,Observation (Collar),Norway,Setesdal Ryfylke,59.017381,6.23439,NA,FALSE,TRUE,FALSE,FALSE,FALSE,FALSE,Hab fragmentation,Hab Loss: urbanization,,
AVS,Mysterud et al 2011,Cervus elaphus,red deer,Yes,Observation (Collar),Norway,multiple counties,,,NA,FALSE,TRUE,TRUE,FALSE,FALSE,FALSE,Climate/Weather: extreme whether event,non-human predator,Climate/Weather: Interannual env variations,Pop: population density
ORB,Nadachowski et al. 2016,Saiga tatarica,Saiga antelope,No,Review,Poland,Zakopane,49.2969,19.9507,numeric,TRUE,FALSE,FALSE,FALSE,FALSE,FALSE,Climate/Weather: Climate change,,,
AVS,Kolpaschikov et al. 2015,Rangifer tarandus,caribou,No,Review,Russia,Russian Far North,76,105,numeric,TRUE,FALSE,FALSE,FALSE,FALSE,FALSE,human Predator: fatal,non-human predator,Pop: population density,Pop: disease dynamic
WX,Islam et al 2010,Gazella subgutturosa,Goittred gazelle,Yes,Observation/Survey,Saudi Arabia,Mahazat as-Sayd Protected Area,22.255698,41.895759,numeric,TRUE,FALSE,TRUE,FALSE,FALSE,FALSE,Hab fragmentation,Climate/Weather: extreme whether event,,
SM,Smolko et al 2018,Cervus elaphus,red deer,Yes,Observation (Collar),Slovakia,Kremnica Mountains,48.782816,19.051226,numeric,TRUE,FALSE,FALSE,FALSE,TRUE,FALSE,non-human predator,Pop: population density,,
HK,Wilcove 2008,Antidorcas marsupialis,springbok,No,Opinion/Anecdotal,South Africa,Nama Karoo,-28.00513,20.82303,numeric,TRUE,FALSE,FALSE,FALSE,FALSE,TRUE,Hab fragmentation,Hab Loss: livestock,human Predator: fatal,
JAS,Roche 2008,Antidorcas marsupialis,springbok,No,Opinion/Anecdotal,South Africa,Nama Karoo,-28.00513,20.82303,numeric,TRUE,FALSE,TRUE,FALSE,FALSE,FALSE,human Predator: fatal,Hab fragmentation,Climate/Weather: extreme whether event,Hab Loss: livestock
KB,Skinner 1993,Antidorcas marsupialis,springbok,No,Review,South Africa,western portion/Nama Karoo?,-28.00513,20.82303,numeric,TRUE,FALSE,TRUE,FALSE,FALSE,FALSE,Pop: disease dynamic,Pop: population density,,
AS,Whyte and Joubert 1988,Connochaetes taurinus,blue wildebeest,Yes,Observation/Survey,South Africa,Kruger National Park,-23.9153033,31.4907013,numeric,TRUE,FALSE,FALSE,FALSE,TRUE,FALSE,Climate/Weather: Interannual env variations,Hab fragmentation,,
AS,Sweanor and Sandegren 1988,Alces alces,moose,Yes,Observation (Collar),Sweden,Darlna County,60.774354,14.685154,NA,FALSE,TRUE,FALSE,FALSE,FALSE,FALSE,Climate/Weather: Interannual env variations,,,
SM,Skarin et al. 2015,Rangifer tarandus,caribou,Yes,Observation (Collar),Sweden,Storliden Mountain and Jokkmokksliden Mountain,65.26690056,18.8956908,NA,FALSE,TRUE,FALSE,TRUE,FALSE,FALSE,Hab Loss: Development,,,
ORB,"Lee et al., 2016",Equus quagga,Plains zebra,Yes,Empirical (including modelling w/ data),Tanzania,Tarangire Ecosystem,-3.77960189,35.97306794,NA,FALSE,FALSE,TRUE,FALSE,FALSE,FALSE,human Predator: fatal,Hab fragmentation,,
AVS,Voeten et al 2010,Connochaetes taurinus,blue wildebeest,No,Theoretical,Tanzania,Tarangire National Park,-3.77960189,35.97306794,numeric,TRUE,FALSE,FALSE,FALSE,FALSE,FALSE,Hab Loss: livestock,,,
KB,Morrison et al 2016,Connochaetes taurinus,blue wildebeest,Yes,Empirical (including modelling w/ data),Tanzania,Tarangire National Park / Lake Manyara National Park,-3.761629,35.905721,numeric,TRUE,FALSE,FALSE,FALSE,FALSE,FALSE,Hab Loss: Ag expansion,Hab fragmentation,,
ORB,"Lee et al., 2016",Connochaetes taurinus,blue wildebeest,Yes,Empirical (including modelling w/ data),Tanzania,Tarangire National Park / Lake Manyara National Park,-3.761629,35.905721,NA,FALSE,FALSE,TRUE,FALSE,FALSE,FALSE,human Predator: fatal,Hab fragmentation,,
WX,Newmark 1996,Alcelaphus buselaphus,hartebeest,Yes,Observation/Survey,Tanzania,Kilimanjaro,-3.080901,37.351745,numeric,TRUE,FALSE,FALSE,FALSE,FALSE,FALSE,Hab Loss: Ag expansion,human Predator: non-fatal,human Predator: fatal,
WX,Newmark 1996,Alcelaphus buselaphus,hartebeest,Yes,Observation/Survey,Tanzania,Arusha,-3.248889,36.757458,numeric,TRUE,FALSE,FALSE,FALSE,FALSE,FALSE,Hab Loss: Ag expansion,human Predator: non-fatal,human Predator: fatal,
WX,Newmark 1996,Alcelaphus buselaphus,hartebeest,Yes,Observation/Survey,Tanzania,Lake Manyara,-3.761629,35.905721,numeric,TRUE,FALSE,FALSE,FALSE,FALSE,FALSE,Hab Loss: Ag expansion,human Predator: non-fatal,human Predator: fatal,
WX,Newmark 1996,Alcelaphus buselaphus,hartebeest,Yes,Observation/Survey,Tanzania,Tarangire,-3.761629,35.905721,numeric,TRUE,FALSE,FALSE,FALSE,FALSE,FALSE,Hab Loss: Ag expansion,human Predator: non-fatal,human Predator: fatal,
WX,Newmark 1996,Alcelaphus buselaphus,hartebeest,Yes,Observation/Survey,Tanzania,Ruaha National Parks,-7.389931,34.838212,numeric,TRUE,FALSE,FALSE,FALSE,FALSE,FALSE,Hab Loss: Ag expansion,human Predator: non-fatal,human Predator: fatal,
WX,Newmark 1996,Alcelaphus buselaphus,hartebeest,Yes,Observation/Survey,Tanzania,Serengeti National Park,-2.333948986,34.83215332,numeric,TRUE,FALSE,FALSE,FALSE,FALSE,FALSE,Hab Loss: Ag expansion,human Predator: non-fatal,human Predator: fatal,
AS,Murray 1995,Connochaetes taurinus,blue wildebeest,No,Theoretical,Tanzania and Kenya,Serengeti-Mara ecosystem,-2.333948986,34.83215332,NA,FALSE,FALSE,FALSE,FALSE,FALSE,FALSE,Climate/Weather: Interannual env variations,,,
AS,Holdo et al. 2011,Connochaetes taurinus,blue wildebeest,Yes,Empirical (including modelling w/ data),Tanzania and Kenya,Serengeti-Mara ecosystem,-2.333948986,34.83215332,numeric,TRUE,FALSE,TRUE,FALSE,FALSE,FALSE,Hab fragmentation,,,
AVS,Musiega et al. 2006,Connochaetes taurinus,blue wildebeest,No,Theoretical,Tanzania and Kenya,Serengeti-Mara ecosystem,-2.333948986,34.83215332,NA,FALSE,TRUE,FALSE,TRUE,FALSE,FALSE,Climate/Weather: Climate change,,,
AVS,Homewood 2001,Connochaetes taurinus,blue wildebeest,Yes,Observation (Survey),Tanzania and Kenya,Serengeti-Mara ecosystem,-2.333948986,34.83215332,numeric,TRUE,FALSE,TRUE,FALSE,FALSE,FALSE,Hab Loss: Ag expansion,,,
AVS,Serneels and Lambin 2001,Connochaetes taurinus,blue wildebeest,Yes,Empirical (including modelling w/ data),Tanzania and Kenya,Serengeti-Mara ecosystem,-2.333948986,34.83215332,numeric,TRUE,FALSE,TRUE,FALSE,FALSE,FALSE,Hab Loss: Ag expansion,,,
HK,Thirgood et al 2004,Connochaetes taurinus,blue wildebeest,Yes,Observation (Collar),Tanzania/Kenya,Serengeti-Mara Ecosystem,-2.333948986,34.83215332,NA,FALSE,FALSE,FALSE,FALSE,TRUE,TRUE,human Predator: fatal,Hab Loss: Ag expansion,,
KB,Sermeels & Lambin 2001,Connochaetes taurinus,blue wildebeest,Yes,Empirical (including modelling w/ data),Tanzania/Kenya,Serengeti-Mara Ecosystem,-2.333948986,34.83215332,numeric,TRUE,FALSE,FALSE,FALSE,FALSE,FALSE,Hab Loss: Ag expansion,,,
WX,Schaller 1998,Pantholops hodgsonii,Tibetan antelope,Yes,Observation (Survey),Tibet,Tibet,31.8943432,87.0781371,numeric,TRUE,FALSE,FALSE,FALSE,FALSE,FALSE,human Predator: fatal,,,
HK,Baskin et al. 2003,Ovis aries,mouflon,No,Not Specified,"Ukraine, Georgia, Armenia, Azerbaijan",entire range of species (areas around eastern portion of Black Sea),44.9422777,39.92034606,res-mig ratio,TRUE,FALSE,FALSE,FALSE,FALSE,TRUE,Hab fragmentation,,,
ORB,Monteith et al. 2011,Odocoileus hemionus,mule deer,Yes,Empirical (including modelling w/ data),USA,"eastern side of the Sierra Nevada in Round Valley, Inyo and Mono counties, California",37.3935688,-118.6575098,NA,FALSE,TRUE,FALSE,FALSE,FALSE,FALSE,Climate/Weather: Climate change,,,
KB,Lendrum et al 2013,Odocoileus hemionus,mule deer,Yes,Empirical (including modelling w/ data),USA,"Piceance Basin, Colorado",39.57442233,-108.3470259,NA,FALSE,TRUE,FALSE,FALSE,FALSE,FALSE,Hab Loss: Development,Hab fragmentation,human Predator: non-fatal,
LT,Lendrum et al 2012,Odocoileus hemionus,mule deer,Yes,Empirical (including modelling w/ data),USA,"Piceance Basin, Colorado",39.57442233,-108.3470259,NA,FALSE,TRUE,FALSE,TRUE,FALSE,FALSE,Hab Loss: Development,,,
AVS,Conner et al 2001,Cervus elaphus,elk,Yes,Empirical (including modelling w/ data),USA,"White River area, Colorado",39.9841224,-107.4837775,NA,FALSE,TRUE,FALSE,TRUE,FALSE,FALSE,human Predator: fatal,,,
AVS,Blum et al. 2015,Odocoileus hemionus,mule deer,Yes,Observation (Collar),USA,"Ruby mountains, Nevada",40.55370538,-115.4110667,NA,FALSE,TRUE,FALSE,TRUE,FALSE,FALSE,Hab Loss: Development,,,
WX,Loft et al 1984,Odocoileus hemionus,mule deer,Yes,Observation (Collar),USA,"Trinity County, California",40.92455741,-122.7604722,NA,FALSE,TRUE,FALSE,TRUE,FALSE,FALSE,Hab Loss: Development,,,
AVS,Peterson and Messmer 2007,Odocoileus hemionus,mule deer,Yes,Empirical (including modelling w/ data),USA,"e Cache-Wasatch Mountains, Utah",41.7971971,-111.693216,NA,FALSE,TRUE,FALSE,FALSE,FALSE,FALSE,Mngt: supplementary feeding,,,
AVS,Sawyer et al 2006,Odocoileus hemionus,mule deer,Yes,Empirical (including modelling w/ data),USA,"Pinedale Anticline Project Area (PAPA) in the Upper Green River Basin (5km southwest of Pinedale), Wyoming",42.75882034,-109.9146121,NA,FALSE,FALSE,TRUE,FALSE,TRUE,FALSE,Hab Loss: Development,human Predator: non-fatal,,
LT,Sawyer et al. 2002,Antilocapra americana,pronghorn,Yes,Observation (Collar),USA,"Pinedale Anticline Project Area (PAPA) in the Upper Green River Basin (5km southwest of Pinedale), Wyoming",42.75882034,-109.9146121,NA,FALSE,TRUE,FALSE,FALSE,FALSE,FALSE,Climate/Weather: Interannual env variations,,,
LT,Sawyer et al 2009,Odocoileus hemionus,mule deer,Yes,Observation (Collar),USA,"Pinedale Anticline Project Area (PAPA) in the Upper Green River Basin (5km southwest of Pinedale), Wyoming",42.75882034,-109.9146121,NA,FALSE,FALSE,TRUE,FALSE,TRUE,FALSE,Climate/Weather: Interannual env variations,,,
LT,Sawyer et al. 2002,Odocoileus hemionus,mule deer,Yes,Observation (Collar),USA,"Pinedale Anticline Project Area (PAPA) in the Upper Green River Basin (5km southwest of Pinedale), Wyoming",42.75882034,-109.9146121,NA,FALSE,TRUE,FALSE,FALSE,FALSE,FALSE,Climate/Weather: Interannual env variations,,,
SM,Sawyer et al. 2017,Odocoileus hemionus,mule deer,Yes,Observation (Collar),USA,"Pinedale Anticline Project Area (PAPA) in the Upper Green River Basin (5km southwest of Pinedale), Wyoming",42.75882034,-109.9146121,numeric,TRUE,FALSE,FALSE,FALSE,TRUE,FALSE,Hab Loss: Development,,,
ORB,Sawyer et al. 2016,Odocoileus hemionus,mule deer,Yes,Empirical (including modelling w/ data),USA,"upper Green River Basin near Pinedale, WY",42.90860545,-110.022705,NA,FALSE,TRUE,FALSE,TRUE,FALSE,FALSE,Hab Loss: Development,,,
ORB,Jones et al. 2014,Cervus elaphus,elk,Yes,Empirical (including modelling w/ data),USA,"the southern Greater Yellowstone Ecosystem (Wind River, Gros Ventre, Wyoming, Salt and Snake River mountain ranges)",43.2149013,-109.9459439,NA,FALSE,TRUE,TRUE,FALSE,FALSE,FALSE,Mngt: supplementary feeding,,,
SM,Jones et al 2014,Cervus elaphus,elk,Yes,Observation (Collar),USA,"the southern Greater Yellowstone Ecosystem (Wind River, Gros Ventre, Wyoming, Salt and Snake River mountain ranges)",43.2149013,-109.9459439,numeric,TRUE,TRUE,TRUE,FALSE,FALSE,FALSE,Mngt: supplementary feeding,,,
HK,Courtemanch et al 2016,Ovis canadensis,bighorn sheep,Yes,Observation (Collar),USA,"Teton Mountain Range, Wyoming",43.72729862,-110.8435287,res-mig ratio,TRUE,FALSE,FALSE,FALSE,FALSE,FALSE,Hab Loss: Development,,,
KB,Hoskinson and Teaster 1980,Antilocapra americana,pronghorn,Yes,Observation (Collar),USA,"Birch Creek Valley, Idaho",44.04340983,-112.861773,NA,FALSE,TRUE,TRUE,FALSE,TRUE,FALSE,Climate/Weather: Interannual env variations,,,
JAS,Whittlesey et al. 2018,Antilocapra americana,pronghorn,No,Opinion/Anecdotal,USA,"Greater Yellowstone Ecosystem (not specified beyond GYE, so picked center south of Yellowstone Lake)",44.25532842,-110.26398,NA,FALSE,FALSE,TRUE,FALSE,FALSE,FALSE,Hab fragmentation,Mngt: supplementary feeding,,
JAS,Keating 2002,Antilocapra americana,pronghorn,No,Review,USA,"Yellowstone National Park(not specified beyond YNP, so picked center south of Yellowstone Lake)",44.25532842,-110.26398,numeric,TRUE,FALSE,TRUE,FALSE,TRUE,FALSE,human Predator: fatal,Hab fragmentation,Hab Loss: livestock,Mngt: supplementary feeding
AS,Bruggeman et al. 2008,Bison bison,bison,Yes,Observation (Collar),USA,northern Yellowstone National Park and Montana,44.25532842,-110.26398,res-mig ratio,TRUE,TRUE,FALSE,FALSE,FALSE,FALSE,Pop: population density,Climate/Weather: Interannual env variations,,
LT,Meagher 1973,Bison bison,bison,Yes,Observation (Survey),USA,"Yellowstone National Park, Wyoming, Montana, Idaho",44.25532842,-110.26398,NA,FALSE,TRUE,FALSE,FALSE,FALSE,FALSE,Climate/Weather: Interannual env variations,,,
LT,Fryxell and Holt 2013,Cervus elaphus,elk,No,Theoretical,USA,eastern frontier of the Greater Yellowstone Ecosystem,44.6449814,-109.3905894,NA,FALSE,FALSE,TRUE,FALSE,FALSE,FALSE,Climate/Weather: Climate change,,,
LT,Fryxell and Holt 2013,Cervus elaphus,elk,No,Opinion/Anecdotal,USA,eastern frontier of the Greater Yellowstone Ecosystem,44.6449814,-109.3905894,NA,FALSE,FALSE,TRUE,FALSE,FALSE,FALSE,Climate/Weather: Climate change,,,
LT,Rudd et al. 1983,Cervus elaphus,elk,Yes,Observation (Collar),USA,eastern frontier of the Greater Yellowstone Ecosystem,44.6449814,-109.3905894,NA,FALSE,TRUE,FALSE,FALSE,FALSE,FALSE,Climate/Weather: Interannual env variations,human Predator: fatal,,
ORB,"Middleton et al., 2018",Cervus elaphus,elk,Yes,Empirical (including modelling w/ data),USA,eastern frontier of the Greater Yellowstone Ecosystem,44.6449814,-109.3905894,numeric,TRUE,FALSE,FALSE,FALSE,FALSE,FALSE,Hab Loss: Development,,,
ORB,"Middleton et al., 2013 (Ecology)",Cervus elaphus,elk,Yes,Observation (Collar),USA,eastern frontier of the Greater Yellowstone Ecosystem,44.6449814,-109.3905894,demographic,TRUE,FALSE,FALSE,FALSE,FALSE,FALSE,Climate/Weather: extreme whether event,non-human predator,,
AS,Grovenburg et al. 2011,Odocoileus virginianus,white-tailed deer,Yes,Observation (Collar),USA,"extending approximately 700 km west-to-east from north-central South Dakota (45°56′N, 99°43′W) to southeastern Minnesota (43°30′N, 91°43′W) (I would put the location on the SD-MN border)",44.66899143,-96.44026986,NA,FALSE,TRUE,TRUE,FALSE,FALSE,FALSE,Climate/Weather: Interannual env variations,,,
AVS,Berger 1991,Antilocapra americana,pronghorn,No,Opinion/Anecdotal,USA,northern Yellowstone National Park and Montana,44.96061987,-110.3515238,numeric,TRUE,FALSE,FALSE,FALSE,FALSE,FALSE,non-human predator,,,
AVS,Berger 1991,Bison bison,bison,No,Opinion/Anecdotal,USA,northern Yellowstone National Park and Montana,44.96061987,-110.3515238,numeric,TRUE,FALSE,TRUE,FALSE,FALSE,FALSE,human Predator: fatal,Mngt: landscape management,,
AVS,White and Garrott 2005,Cervus elaphus,elk,No,Review,USA,northern Yellowstone National Park and Montana,44.96061987,-110.3515238,demographic,TRUE,FALSE,FALSE,FALSE,FALSE,FALSE,non-human predator,human Predator: fatal,,
AVS,White and Garrott 2005 (b),Cervus elaphus,elk,Yes,Observation (Survey),USA,northern Yellowstone National Park and Montana,44.96061987,-110.3515238,numeric,TRUE,FALSE,TRUE,FALSE,TRUE,FALSE,Climate/Weather: Interannual env variations,human Predator: fatal,,
CA,Meagher 1989,Bison bison,bison,Yes,Observation (Survey),USA,northern Yellowstone National Park and Montana,44.96061987,-110.3515238,NA,FALSE,FALSE,TRUE,TRUE,TRUE,FALSE,Climate/Weather: extreme whether event,,,
LT,White et al. 2007,Antilocapra americana,pronghorn,Yes,Observation (Collar),USA,northern Yellowstone National Park and Montana,44.96061987,-110.3515238,demographic,TRUE,FALSE,TRUE,FALSE,FALSE,FALSE,Climate/Weather: Interannual env variations,,,
LT,Craighead et al. 1972,Cervus canadensis,elk,Yes,Observation (Collar),USA,northern Yellowstone National Park and Montana,44.96061987,-110.3515238,res-mig ratio,TRUE,FALSE,TRUE,FALSE,FALSE,FALSE,human Predator: fatal,Hab fragmentation,Hab Loss: Ag expansion,
LT,White et al. 2010,Cervus elaphus,elk,Yes,Observation (Collar),USA,northern Yellowstone National Park and Montana,44.96061987,-110.3515238,NA,FALSE,TRUE,FALSE,FALSE,FALSE,FALSE,Climate/Weather: Interannual env variations,,,
AVS,Haggerty and Travis 2006,Cervus elaphus,elk,No,Opinion/Anecdotal,USA,"southwestern Montana's Upper Yellowstone Valley, directly north of YNP",45.23398353,-110.8696212,res-mig ratio,TRUE,TRUE,TRUE,FALSE,FALSE,FALSE,human Predator: fatal,Mngt: supplementary feeding,,
SM,Lewis and Rongstad 1998,Odocoileus virginianus,white-tailed deer,Yes,Observation (Collar),USA,northern Wisconsin (couldn't find the full paper to get any specific area),46.27505884,-90.20431779,NA,FALSE,TRUE,FALSE,FALSE,FALSE,FALSE,Mngt: supplementary feeding,,,
AVS,Fieberg et al. 2008,Odocoileus virginianus,white-tailed deer,Yes,Observation (Collar),USA,along the southeastern boundary of Chippewa National Forest in north-central Minnesota,47.01991341,-93.89006845,res-mig ratio,TRUE,TRUE,TRUE,FALSE,FALSE,FALSE,Climate/Weather: Interannual env variations,,,
AVS,Nelson 1998,Odocoileus virginianus,white-tailed deer,Yes,Observation (Collar),USA,Superior National Forest in northeastern Minnesota,47.91827747,-90.54700315,res-mig ratio,TRUE,TRUE,TRUE,FALSE,FALSE,FALSE,Climate/Weather: Interannual env variations,Pop: social learning,,
LT,Nelson and Mech 1981,Odocoileus virginianus,white-tailed deer,Yes,Observation (Collar),USA,Superior National Forest in northeastern Minnesota,47.91827747,-90.54700315,numeric,TRUE,TRUE,FALSE,FALSE,FALSE,FALSE,Climate/Weather: Interannual env variations,Hab fragmentation,,
AS,Sarmento and Berger 2017,Oreamnos americanus,mountain goat,Yes,Observation (Collar),USA,"Glacier NP, Montana",48.65790092,-113.721304,res-mig ratio,TRUE,FALSE,TRUE,FALSE,FALSE,FALSE,human Predator: non-fatal,,,
AS,Weydemeyer 1928,Odocoileus hemionus,mule deer,No,Opinion/Anecdotal,USA,"eastern Lincoln County, Montana (valley of the Tobacco River)",48.81158048,-114.9711296,NA,FALSE,FALSE,FALSE,FALSE,TRUE,FALSE,Mngt: supplementary feeding,,,
CA,Schoen and Kirchhoff 1985,Odocoileus hemionus,mule deer,Yes,Observation (Collar),USA,"Admiralty Island, Alaska",57.7132427,-134.4097766,NA,FALSE,FALSE,TRUE,FALSE,FALSE,FALSE,Climate/Weather: Interannual env variations,,,
AVS,White et al 2014,Alces alces,moose,Yes,Observation (Collar),USA,southeastern Alaska (east of Glacier Bay),58.47342513,-135.7043797,res-mig ratio,TRUE,FALSE,FALSE,FALSE,FALSE,FALSE,non-human predator,,,
AVS,Hinkes et al 2005,Rangifer tarandus,caribou,Yes,Observation (Collar),USA,"Bering Seacoast from Norton Sound to Bristol Bay, southwest Alaska",59.87889835,-156.5700431,numeric,TRUE,FALSE,TRUE,FALSE,TRUE,FALSE,Pop: population density,,,
AVS,Nellemann and Cameron 1998,Rangifer tarandus,caribou,Yes,Empirical (including modelling w/ data),USA,northern Alaska (near Prudhoe Bay),69.85683729,-148.7246994,demographic,TRUE,FALSE,TRUE,FALSE,TRUE,FALSE,Hab Loss: Development,,,
SM,Jesmer et al. 2018,Alces alces,moose,Yes,Empirical (including modelling w/ data),USA,"North Park, Colorado",40.958778,-106.293735,res-mig ratio,TRUE,TRUE,FALSE,FALSE,FALSE,FALSE,Mngt: translocation,Pop: social learning,,
SM,Jesmer et al. 2018,Ovis canadensis,bighorn sheep,Yes,Empirical (including modelling w/ data),USA,Devil's Canyon Wyoming,44.929471,-108.256502,res-mig ratio,TRUE,TRUE,FALSE,FALSE,FALSE,FALSE,Mngt: translocation,Pop: social learning,,
SM,Jesmer et al. 2018,Ovis canadensis,bighorn sheep,Yes,Empirical (including modelling w/ data),USA,"Lemhi Creek, Idaho",45.424312,-115.361013,res-mig ratio,TRUE,TRUE,FALSE,FALSE,FALSE,FALSE,Mngt: translocation,Pop: social learning,,
SM,Jesmer et al. 2018,Ovis canadensis,bighorn sheep,Yes,Empirical (including modelling w/ data),USA,"Seminoe, Wyoming",42.141138,-106.896497,res-mig ratio,TRUE,TRUE,FALSE,FALSE,FALSE,FALSE,Mngt: translocation,Pop: social learning,,
SM,Wyckoff et al 2018,Odocoileus hemionus,mule deer,Yes,Empirical (including modelling w/ data),USA,"Pinedale, WY",42.75882034,-109.9146121,NA,FALSE,TRUE,FALSE,FALSE,FALSE,FALSE,Hab Loss: Development,,,
SM,Wyckoff et al 2018,Odocoileus hemionus,mule deer,Yes,Empirical (including modelling w/ data),USA,"Rawlins, WY",42.141138,-106.896497,NA,FALSE,TRUE,FALSE,FALSE,FALSE,FALSE,Hab Loss: Development,,,
SM,Wyckoff et al 2018,Odocoileus hemionus,mule deer,Yes,Empirical (including modelling w/ data),USA,"Saratoga, WY",40.958778,-106.293735,NA,FALSE,TRUE,FALSE,FALSE,FALSE,FALSE,Hab Loss: Development,,,